"","NS","NL1.1","NL3.1","NL1.3","NL3.3","NL1.5","NL3.5"
"95%",5.66122377216167,5.809536,5.67733961925262,6.51571150118456,5.86140009850533,7.36641039966467,6.15830811332687
