"","TS","TL"
"95%",5.37904135712355,12.3136282457356
