"","L2.quantiles","Chisq.quantiles"
"0.9",1.6614516,2.70554345409542
"0.95",1.7776238,3.84145882069412
"0.975",1.8357099,5.02388618731488
"0.99",1.87056156,6.63489660102121
